shop_id,status,name,city_id,city,real_city,province,avg_price,area_code,phone,regionname,address,cross_road,big_category_id,big_category,small_category,star,longitude,latitude,score1,score2,score3,score4,review_count,bookable,default_pic,alt_name,branchname,dishtags,updated,url
4146803,0,太平农贸,5,南京,南京,江苏,,25,,百家湖,通淮街高尔夫国际花园底商,,80,生活服务,小区,3.5,118.802444,31.937538,7.2,7.2,7.2,,2,FALSE,http://qcloud.dpfile.com/pc/7Ddat4ej-jv0pWPkzGQqfdnzwd0dYPXsfc5w-e8xMOXwcvAV3NMis_UedkzooS3Btinsm4wZBU2JBzCyrLLxBw.webp,,,,2019/10/23 14:42,http://www.dianping.com/shop/4146803
4640568,0,百家湖花园伦敦城,5,南京,南京,江苏,均价27244元/平,25,52100555,百家湖,利源中路168号,公交车站,80,生活服务,小区,3.5,118.80797,31.93204,7.7,7.7,7.3,,5,FALSE,http://qcloud.dpfile.com/pc/G337wP1OOd1M60t8IUbBD-ZBtxdQx20IxQpnqGnNBbCDLCFIm6nVLUgIYC7MzNS9tinsm4wZBU2JBzCyrLLxBw.webp,,,,2019/10/23 14:43,http://www.dianping.com/shop/4640568
4640600,0,同曦鸣城新贵之都,5,南京,南京,江苏,均价29488元/平,25,,胜太路,双龙大道1188号,地铁站,80,生活服务,小区,4,118.822103,31.941183,9,8.2,7.9,,1,FALSE,http://qcloud.dpfile.com/pc/AJnpwa3Ry42P6hJRlFPRX8fnY5VG8Kcd0w_9oQze5fcQmnCgRc2rhH5mBwjyoM1ntinsm4wZBU2JBzCyrLLxBw.webp,,,,2019/10/23 9:50,http://www.dianping.com/shop/4640600
4640609,1,百家湖花园花园米兰城,5,南京,南京,江苏,,25,,百家湖,利源中路99号,,80,生活服务,小区,3.5,118.80798,31.93518,7.2,7,7,,0,FALSE,http://qcloud.dpfile.com/pc/6DNKvyIl10sa-ByhJZPdx0H6HDdoEu8Ovtri924i23J9W6rV741lULaNzfw-uHy4tinsm4wZBU2JBzCyrLLxBw.webp,,,,2019/11/10 21:23,http://www.dianping.com/shop/4640609
4640620,0,枫情国度佳园,5,南京,南京,江苏,均价14259元/平,25,,胜太路,胜太路38号,,80,生活服务,小区,3,118.8111,31.943854,5.8,8.2,7.2,,3,FALSE,http://qcloud.dpfile.com/pc/xHz5BIA3i4il_rgNVBeUYQjpF7eIdYXWBFViR_OvIxj7_iW7mv8_yaeFx95L-Oxktinsm4wZBU2JBzCyrLLxBw.webp,,,,2019/10/23 8:40,http://www.dianping.com/shop/4640620
4640667,0,文化名园,5,南京,南京,江苏,均价11111元/平,25,,百家湖,江宁开发区天元西路88号,,80,生活服务,小区,3,118.811711,31.929886,5.8,8.2,6.9,,2,FALSE,http://qcloud.dpfile.com/pc/4Z7LbmprJTi1vSPtDDSOZztSUtDx5MpVExTHiVYqvXcyyE6q66TkyBsY9X9S6iVQtinsm4wZBU2JBzCyrLLxBw.webp,,,,2019/10/23 8:40,http://www.dianping.com/shop/4640667
4640673,1,百家湖国际花园,5,南京,南京,江苏,均价25809元/平,25,,百家湖,江宁开发区利源中路99号,百家湖西湖畔,80,生活服务,小区,0,118.80865,31.935287,5.8,5.4,7.8,,2,FALSE,,,,,2019/11/28 19:01,http://www.dianping.com/shop/4640673
4640693,1,百家湖花园巴黎城,5,南京,南京,江苏,均价25128元/平,25,,百家湖,江宁开发区利源中路99号,地铁站,80,生活服务,小区,0,118.807205,31.933316,,,,,0,FALSE,http://qcloud.dpfile.com/pc/HTY6nDE_jCwfW9XpW26JUKfiAmDREXJbjt9FC0-_P5QrPtWOxOSfr5N84R7KHlHZtinsm4wZBU2JBzCyrLLxBw.webp,,,,2019/11/28 18:56,http://www.dianping.com/shop/4640693
4640720,0,亚都天元居,5,南京,南京,江苏,均价28797元/平,25,,江宁区,静淮街137号,静淮街与天元西路交界处,80,生活服务,小区,3,118.801268,31.929775,5.8,5.4,7.4,,1,FALSE,http://qcloud.dpfile.com/pc/QHr0geUNLvALK9ViTqne-MHcxT2jeaChDe3Zvy03vqu0itdh_9GUJS4hSCV6r9GGtinsm4wZBU2JBzCyrLLxBw.webp,,,,2019/10/24 12:19,http://www.dianping.com/shop/4640720
4640732,0,高尔夫国际花园,5,南京,南京,江苏,均价27227元/平,25,,百家湖,利源中路88号,百家湖畔西侧,80,生活服务,小区,3,118.806,31.936854,5.8,8.2,7.7,,2,FALSE,https://img.meituan.net/mogu/f0fff55b8eddcb1b50a2139f45a85c1b1017434.jpg%40300w_1e_1l%7Cwatermark%3D0.webp,,,,2019/10/23 14:43,http://www.dianping.com/shop/4640732
4640739,0,湖滨世纪花园,5,南京,南京,江苏,均价15989元/平,25,,胜太路,胜太路88号,地铁站,80,生活服务,小区,3,118.8148,31.944319,5.8,8.2,6.7,,4,FALSE,https://img.meituan.net/mogu/5fe1920351465f7dd64df3057f31ccb91092126.jpg%40300w_1e_1l%7Cwatermark%3D0.webp,,,,2019/10/23 14:42,http://www.dianping.com/shop/4640739
4640832,0,翠屏国际城水杉苑,5,南京,南京,江苏,均价21435元/平,25,,将军山,将军大道20号,,80,生活服务,小区,3,118.785334,31.936113,5.8,8.2,7.1,,4,FALSE,http://qcloud.dpfile.com/pc/j2o8_4EsyPrMVfrK6_CzByAt5Npz_a-m3_kbTnJKEdJ1AoSHtiYwLZsBjh4LrQ_Qtinsm4wZBU2JBzCyrLLxBw.webp,,,,2019/10/23 13:14,http://www.dianping.com/shop/4640832
4640847,0,百家湖花园维也纳城,5,南京,南京,江苏,均价21251元/平,25,52104867,百家湖,江宁开发区利源中路99号,,80,生活服务,小区,3.5,118.809418,31.936039,7.3,7.3,7.3,,4,FALSE,http://qcloud.dpfile.com/pc/iqP3wzH8JT1GblCHA3l6XayhBlcIua6RB-geQNfJmmHGSvIcuSMVjEGKtrE1wtIbtinsm4wZBU2JBzCyrLLxBw.webp,,,,2019/10/23 14:42,http://www.dianping.com/shop/4640847
4640885,0,挪威森林,5,南京,南京,江苏,均价24896元/平,25,,将军山,将军大道33号,,80,生活服务,小区,3,118.790648,31.931834,5.8,8.2,7,,2,FALSE,http://qcloud.dpfile.com/pc/qenUM6Mib9DBJc8lxqMinlNx2_-wCn50i7gk3RGaf5RpSO4jDK1Ita3BXht7qrPdtinsm4wZBU2JBzCyrLLxBw.webp,,,,2019/10/24 13:30,http://www.dianping.com/shop/4640885
4640938,0,欧陆经典花园,5,南京,南京,江苏,均价26369元/平,25,,胜太路,胜太西路28号,,80,生活服务,小区,3,118.80367,31.945142,5.8,8.2,6.8,,4,FALSE,http://qcloud.dpfile.com/pc/WqqpaCOfmpO_jjOm1XbvFM2ofslP5Z-IRVjJ3zHBjYrFunixwHW93fQ04d60JFtitinsm4wZBU2JBzCyrLLxBw.webp,,,,2019/10/23 14:09,http://www.dianping.com/shop/4640938
4640981,0,碧水湾西园,5,南京,南京,江苏,均价25647元/平,25,,胜太路,胜利西路18-29号,,80,生活服务,小区,3.5,118.805379,31.947759,7.7,7.5,7.7,,6,FALSE,http://qcloud.dpfile.com/pc/5O3U3MOQd4o_p0w5HC6jjhfbll2XWhh7eZY_LXJBU1F9cw0_nRusRh0ByGWVBn5ctinsm4wZBU2JBzCyrLLxBw.webp,,,,2019/10/23 14:09,http://www.dianping.com/shop/4640981
4640998,0,金轮第一城,5,南京,南京,江苏,均价26182元/平,25,,胜太路,胜太路59-60号,,80,生活服务,小区,3,118.81407,31.94513,8.2,8.2,6.8,,3,FALSE,http://qcloud.dpfile.com/pc/aK8GBcR638Ec2MeTBZxrErv8rBH31b2q5I2VWZD2yDgCgtAJA_LrmboT2IeQlj_Wtinsm4wZBU2JBzCyrLLxBw.webp,,,,2019/10/23 14:42,http://www.dianping.com/shop/4640998
4640999,0,天琪雅居,5,南京,南京,江苏,均价25446元/平,25,,胜太路,胜太西路16号,,80,生活服务,小区,3,118.80514,31.94446,5.8,8.5,6.9,,4,FALSE,http://qcloud.dpfile.com/pc/2m5HVjKBtKcTD728erpT2Suvntk4rnkKIbGWmYqbiqplnNCqGuV_SxUBTNe4hZh3tinsm4wZBU2JBzCyrLLxBw.webp,,,,2019/10/23 14:42,http://www.dianping.com/shop/4640999
4641056,0,蓝宝湾,5,南京,南京,江苏,均价23959元/平,25,,百家湖,天元西路58号,地铁站,80,生活服务,小区,3,118.815919,31.929234,8.2,8.2,6.9,,1,FALSE,http://qcloud.dpfile.com/pc/Z4ZoBSJEWZNhkKJGbyk9kMMUTnfzs835EBj22g2Prl6_YTCTehguH6kMESo-6MTGtinsm4wZBU2JBzCyrLLxBw.webp,,,,2019/10/23 14:42,http://www.dianping.com/shop/4641056
4641126,0,同曦鸣城艺术家园,5,南京,南京,江苏,均价28258元/平,25,,胜太路,庄排路18号,公交车站,80,生活服务,小区,4,118.825788,31.940771,7.9,7.9,7.6,,5,FALSE,http://qcloud.dpfile.com/pc/5HpcDKhkfAMy-OrCmLWs6TMc5STWiJejHVHisuHwVQiDY_4x0cl72Bqu1IPBlXG-tinsm4wZBU2JBzCyrLLxBw.webp,,,,2019/10/23 14:43,http://www.dianping.com/shop/4641126
4641239,0,同曦鸣城胜太华府,5,南京,南京,江苏,均价16250元/平,25,52128400,胜太路,严柳街与胜太东路交叉口西南50米,,80,生活服务,小区,4,118.822767,31.944636,9,8.2,7.4,,1,FALSE,http://qcloud.dpfile.com/pc/hH9AN1Yv3RU59Vna7v2DOc_VadLAq5Y3MQmujwsLlcToG5iSxRrBvMaHnG1XCyxXtinsm4wZBU2JBzCyrLLxBw.webp,,,,2019/10/23 9:50,http://www.dianping.com/shop/4641239
4641285,0,湖东音乐苑,5,南京,南京,江苏,均价23582元/平,25,,胜太路,池田路1号,,80,生活服务,小区,3,118.822366,31.940149,9,8.2,6.7,,0,FALSE,http://qcloud.dpfile.com/pc/hCW7uXsdD3sGPLtWr90DGNLkNB4_9P7u6vMLaLtOVehWXZytfpVYzxiQc8E1hTMhtinsm4wZBU2JBzCyrLLxBw.webp,,,,2019/10/23 14:09,http://www.dianping.com/shop/4641285
4641335,1,仲景公寓,5,南京,南京,江苏,均价14933元/平,25,,胜太路,胜太西路2号‎,,80,生活服务,小区,0,118.806626,31.944206,,,,,0,FALSE,http://qcloud.dpfile.com/pc/xIYOZ0GIaqPWdBbH0PLTE0QqTjq7lP5RH16JEMhY8iKs-XJx443MxiO2pyTwLXZptinsm4wZBU2JBzCyrLLxBw.webp,,,,2019/11/12 2:00,http://www.dianping.com/shop/4641335
4641419,0,胜泰新寓,5,南京,南京,江苏,均价25134元/平,25,,胜太路,秣陵街道胜太路77号,,80,生活服务,小区,3,118.815366,31.945408,9,8.2,6.5,,3,FALSE,http://qcloud.dpfile.com/pc/Yjdn6TGF-u3NSKTA6wpEzacu4EgfQ9Iiu5LEQyBClJbwcvAV3NMis_UedkzooS3Btinsm4wZBU2JBzCyrLLxBw.webp,,,,2019/10/23 14:42,http://www.dianping.com/shop/4641419
4641462,0,银江苑,5,南京,南京,江苏,均价20747元/平,25,,胜太路,胜太路33号,,80,生活服务,小区,3,118.810679,31.944589,5.8,8.2,6.4,,1,FALSE,https://img.meituan.net/mogu/427d80d896cef0c5ddf56ffad479a412632284.jpg%40300w_1e_1l%7Cwatermark%3D0.webp,,,,2019/10/23 14:09,http://www.dianping.com/shop/4641462
4641614,0,双龙苑,5,南京,南京,江苏,均价32017元/平,25,,胜太路,双龙大道1251号,地铁站,80,生活服务,小区,3,118.822059,31.947835,5.8,8.2,7.7,,0,FALSE,http://p1.meituan.net/searchscenerec/e4d164c692c016638c37097f8e4c967b197858.png%40300w_1e_1l%7Cwatermark%3D0.webp,,,,2019/10/23 9:51,http://www.dianping.com/shop/4641614
4641649,0,太平花苑,5,南京,南京,江苏,均价19918元/平,25,,胜太路,通淮街18号,,80,生活服务,小区,4,118.800338,31.940934,7.9,7.9,7.5,,6,FALSE,http://qcloud.dpfile.com/pc/jH0ydDzaRQXIkOqjLmPic82a9zYrmMfN0kUodCEUgHUcreWqcJwigWhcWTjarGgBtinsm4wZBU2JBzCyrLLxBw.webp,,,,2019/10/23 14:42,http://www.dianping.com/shop/4641649
4641675,0,颐秀居,5,南京,南京,江苏,均价26784元/平,25,,百家湖,江宁通淮街159号,,80,生活服务,小区,3,118.804227,31.935604,5.8,8.2,7.2,,1,FALSE,https://img.meituan.net/mogu/45f3431dfcb6c84af234152fb241e5c6793223.jpg%40300w_1e_1l%7Cwatermark%3D0.webp,,,,2019/10/23 14:43,http://www.dianping.com/shop/4641675
4641803,0,湖畔水竹苑,5,南京,南京,江苏,均价30131元/平,25,,胜太路,湖滨路88号,,80,生活服务,小区,3,118.819799,31.94276,7.4,5,7.2,,2,FALSE,http://p1.meituan.net/searchscenerec/e4d164c692c016638c37097f8e4c967b197858.png%40300w_1e_1l%7Cwatermark%3D0.webp,,,,2019/10/23 14:43,http://www.dianping.com/shop/4641803
4641817,0,胜利二小区,5,南京,南京,江苏,均价14642元/平,25,,胜太路,胜利新村2幢,地铁站,80,生活服务,小区,3,118.82209,31.94433,9,8.2,5.8,,0,FALSE,http://p1.meituan.net/searchscenerec/e4d164c692c016638c37097f8e4c967b197858.png%40300w_1e_1l%7Cwatermark%3D0.webp,,,,2019/10/23 14:42,http://www.dianping.com/shop/4641817
4641899,0,高尔夫西花园,5,南京,南京,江苏,均价24522元/平,25,,百家湖,通淮街111号,,80,生活服务,小区,3,118.804071,31.93711,5.8,8.2,6.9,,1,FALSE,https://img.meituan.net/mogu/e06ae51988e84f6230a2bbffa58e6d18815303.jpg%40300w_1e_1l%7Cwatermark%3D0.webp,,,,2019/10/23 14:42,http://www.dianping.com/shop/4641899
4642026,0,怡湖华庭,5,南京,南京,江苏,均价29062元/平,25,83618263,百家湖,天元西路18号,公交车站,80,生活服务,小区,4,118.818283,31.929259,8,7.9,7.9,,5,FALSE,http://qcloud.dpfile.com/pc/owB3iIf1G38B3U9g23b8faSuozw6GWNFqDi_953kTGzQJ0C-EPpiYydEXitnUDkotinsm4wZBU2JBzCyrLLxBw.webp,,,,2019/10/23 14:43,http://www.dianping.com/shop/4642026
4642292,0,帝景天成,5,南京,南京,江苏,均价35732元/平,25,,将军山,南佑路与将军大道交叉口西北100米,,80,生活服务,小区,4,118.788104,31.933186,8.2,8.2,7.7,,2,FALSE,http://qcloud.dpfile.com/pc/BPOgZm-5uwJYVbLC5y0RpK-d_3P13NCsfnWuQD6JicuGKaGJ_Q8DOLY49LEQpUX3tinsm4wZBU2JBzCyrLLxBw.webp,,,,2019/10/23 10:13,http://www.dianping.com/shop/4642292
4642302,0,佳湖绿岛,5,南京,南京,江苏,均价28130元/平,25,,百家湖,佳湖西路9号,,80,生活服务,小区,3,118.812111,31.93737,5.8,8.2,7.8,,0,FALSE,http://p1.meituan.net/searchscenerec/e4d164c692c016638c37097f8e4c967b197858.png%40300w_1e_1l%7Cwatermark%3D0.webp,,,,2019/10/23 14:43,http://www.dianping.com/shop/4642302
4642316,1,百家湖花园印象威尼斯,5,南京,南京,江苏,均价50131元/平,25,,百家湖,江宁开发区湖滨路58号,地铁站,80,生活服务,小区,0,118.80798,31.93518,,,,,0,FALSE,http://qcloud.dpfile.com/pc/_6-AqvbC164N4d1EG56yWqYQLi9ivjwlZY0c5EydsVoCOWAYip5QOx2MjZonJ4s-tinsm4wZBU2JBzCyrLLxBw.webp,,,,2019/11/12 2:00,http://www.dianping.com/shop/4642316
4642317,0,沁湖景岸,5,南京,南京,江苏,均价52581元/平,25,,胜太路,百家湖利源中路9号,地铁站,80,生活服务,小区,3,118.8076,31.941354,5.8,8.2,7.7,,2,FALSE,http://p1.meituan.net/searchscenerec/e4d164c692c016638c37097f8e4c967b197858.png%40300w_1e_1l%7Cwatermark%3D0.webp,,,,2019/10/23 9:51,http://www.dianping.com/shop/4642317
4642324,0,百家湖西苑,5,南京,南京,江苏,均价27557元/平,25,,胜太路,湖滨路18号,,80,生活服务,小区,3,118.809694,31.941528,5.8,8.2,7.4,,3,FALSE,http://qcloud.dpfile.com/pc/h7xKX0EHtGrZI736TWpuo060hPLHHPVAd1_9EflZ1eqWvvArbuSwgBxQ0LEoVhR8tinsm4wZBU2JBzCyrLLxBw.webp,,,,2019/10/23 14:43,http://www.dianping.com/shop/4642324
4642327,0,南京世界村,5,南京,南京,江苏,均价20869元/平,25,,胜太路,湖滨路15号,,80,生活服务,小区,3,118.81063,31.94267,5.8,8.2,7.4,,4,FALSE,http://qcloud.dpfile.com/pc/pj2eFNcchv0g0Htsu-cQ4XHbykqdInssN_FuhbYP8pkXeZrFelsN8QUVIaPjKyzitinsm4wZBU2JBzCyrLLxBw.webp,,,,2019/10/23 14:42,http://www.dianping.com/shop/4642327
4651230,1,同曦广场,5,南京,南京,江苏,,25,,胜太路,胜太东路8号（胜太路与双龙大道路口,近双龙大道,20,购物,综合商场,0,118.82198,31.943589,,,,,1,FALSE,,,,,2019/10/10 0:37,http://www.dianping.com/shop/4651230
4651285,0,中惠国际大厦,5,南京,南京,江苏,费用:¥22967,25,,将军山,将军大道20号,,80,生活服务,商务楼,3,118.786958,31.935358,,,,,0,FALSE,http://qcloud.dpfile.com/pc/5wEZptbBisiNjVlxevnJkEBHwaOACOw6X3WdkWI7MU58LtWqacr6Si7XgaryzCvOtinsm4wZBU2JBzCyrLLxBw.webp,,,,2019/10/23 13:14,http://www.dianping.com/shop/4651285
5150326,1,揽翠苑,5,南京,南京,江苏,,25,52767002,将军山,将军大道韩府路19号,近井头街,80,生活服务,小区,0,118.786538,31.937501,,,,,0,FALSE,http://p1.meituan.net/searchscenerec/e4d164c692c016638c37097f8e4c967b197858.png%40300w_1e_1l%7Cwatermark%3D0.webp,,,,2019/11/11 10:21,http://www.dianping.com/shop/5150326
5218286,1,南京航空航天大学,5,南京,南京,江苏,,25,,将军山,胜太西路,近托乐嘉,75,教育培训,大学,0,118.787836,31.936358,,,,,0,FALSE,,,江宁校区,,2019/8/10 3:13,http://www.dianping.com/shop/5218286
10592036,1,百家湖1912街区,5,南京,南京,江苏,,25,52157111,百家湖,百家湖1912街区11号楼负一层,,35,景点,观光街区,0,118.817789,31.930909,,,,,89,FALSE,http://qcloud.dpfile.com/pc/shNOSFLhNCErGiez_ZBPVe_mFuO2LAcTyN8o87wOWSmFOogICkYbHbM9g4vnk3kxtinsm4wZBU2JBzCyrLLxBw.webp,,,,2019/9/23 16:07,http://www.dianping.com/shop/10592036
11147221,1,金城学院,5,南京,南京,江苏,,25,,将军山,怡园路,,75,教育培训,大学,0,118.787276,31.942588,,,,,0,FALSE,,,,,2019/8/10 3:55,http://www.dianping.com/shop/11147221
11149317,1,五洋百货翠屏广场,5,南京,南京,江苏,,25,68038360,将军山,将军大道20号,,20,购物,综合商场,0,118.78764,31.93361,,,,,0,FALSE,,,,,2019/10/10 2:30,http://www.dianping.com/shop/11149317
11149684,0,胜太路大市场,5,南京,南京,江苏,消费:¥17,25,,胜太路,胜太西路166号,,20,购物,特色集市,5,118.788406,31.943729,9.1,8.4,9,,36,FALSE,http://qcloud.dpfile.com/pc/bwAyJLBVI_OsdBJPFFog2Pv8UWhjvyKgt2m52JYcZ4tpc3rpnQxlxHHmHAdryf0Atinsm4wZBU2JBzCyrLLxBw.webp,,,,2019/9/23 16:30,http://www.dianping.com/shop/11149684
11151425,1,金王府商业街,5,南京,南京,江苏,,25,,河定桥,河定桥,河定桥地铁站东侧,35,景点,观光街区,3,118.822338,31.948288,6.9,6.9,6.9,,2,FALSE,http://p0.meituan.net/travel/ecaff5840f7cb5cdf02ad2dd291cc7d449163.jpg%40720w_348h_1e_1c_1l%7Cwatermark%3D0,,,,2019/8/22 1:28,http://www.dianping.com/shop/11151425
14730303,1,瑞都购物广场,5,南京,南京,江苏,,25,87198072;87198888,胜太路,双龙大道1222号胜太路地铁站3号口,胜太路地铁站,20,购物,综合商场,0,118.820087,31.944003,,,,,148,FALSE,http://qcloud.dpfile.com/pc/L5zgAryyLdlnEnYXqUfVw1dZNSlye1V4oLXfo59ycS5q_MVszCatrqnhob5-euejtinsm4wZBU2JBzCyrLLxBw.webp,品味泰国,,,2019/10/11 6:45,http://www.dianping.com/shop/14730303
15109812,0,汇金新天地,5,南京,南京,江苏,消费:¥23954,25,52129333,胜太路,胜太路21号,近胜太西路,20,购物,综合商场,3,118.809442,31.94472,6.9,6.9,6.9,,2,FALSE,http://p1.meituan.net/searchscenerec/c1132df80f470a7ab75f3bab4a229ba6291375.png%40300w_1e_1l%7Cwatermark%3D0.webp,,,,2019/8/22 1:00,http://www.dianping.com/shop/15109812
16271205,1,华润苏果将军大道购物广场,5,南京,南京,江苏,,25,52146721,开发区,胜太西路59号,,20,购物,综合商场,0,118.80062,31.9434,,,,,2,FALSE,,,,,2019/10/10 2:50,http://www.dianping.com/shop/16271205
16560054,1,同曦假日百货,5,南京,南京,江苏,,25,52128400,胜太路,胜太东路8号,静月花园东北,20,购物,综合商场,0,118.821898,31.943675,,,,,0,FALSE,,,,,2019/10/10 15:02,http://www.dianping.com/shop/16560054
16562707,1,托乐嘉商城,5,南京,南京,江苏,,25,,开发区,将军大道9号托乐嘉购物小镇,,20,购物,综合商场,0,118.78524,31.94449,6.9,6.8,6.9,,2,FALSE,,,,,2019/8/21 22:55,http://www.dianping.com/shop/16562707
17322420,0,观筑2080,5,南京,南京,江苏,,25,,百家湖,开发区天元西路88号,,80,生活服务,小区,0,118.81125,31.92892,,,,,0,FALSE,http://p1.meituan.net/searchscenerec/e4d164c692c016638c37097f8e4c967b197858.png%40300w_1e_1l%7Cwatermark%3D0.webp,,,,2019/11/17 8:47,http://www.dianping.com/shop/17322420
17471253,0,上筑,5,南京,南京,江苏,均价30458元/平,25,,百家湖,天元西路88号,,80,生活服务,小区,0,118.811195,31.928952,,,,,0,FALSE,http://p1.meituan.net/searchscenerec/e4d164c692c016638c37097f8e4c967b197858.png%40300w_1e_1l%7Cwatermark%3D0.webp,,,,2019/10/23 9:51,http://www.dianping.com/shop/17471253
18055711,1,同曦瑞都国际购物广场,5,南京,南京,江苏,,25,,胜太路,双龙大道1222号,,20,购物,综合商场,0,118.821083,31.944394,,,,,0,FALSE,,,,,2019/10/10 16:20,http://www.dianping.com/shop/18055711
18559602,1,万尚城,5,南京,南京,江苏,,25,4008819777,大学城,双龙大道路1351号南京万尚商城有限公司-1F-011商铺,,20,购物,综合商场,0,118.821155,31.942314,,,,,0,FALSE,,,,,2019/10/10 16:47,http://www.dianping.com/shop/18559602
18559709,0,胜太路地铁站,5,南京,南京,江苏,费用:¥4,25,,胜太路,胜太路地铁站,,-31277,生活服务,地铁站,4.5,118.821393,31.943549,,,,,55,FALSE,http://qcloud.dpfile.com/pc/DyFfMw3x2mXuyvtVe7_5QKNkSLg01hTzl9VV7hw7hXZTpYn-Yo01boU6WgbO1YVBtinsm4wZBU2JBzCyrLLxBw.webp,,,,2019/10/23 11:32,http://www.dianping.com/shop/18559709
18559713,0,百家湖地铁站,5,南京,南京,江苏,费用:¥5,25,,百家湖,百家湖地铁站,,-31277,生活服务,地铁站,5,118.820843,31.931941,,,,,87,FALSE,http://qcloud.dpfile.com/pc/EFsm5nvy1dYze763yygqIfOQCSw5oKKjYn8IdCwnmmWDY_4x0cl72Bqu1IPBlXG-tinsm4wZBU2JBzCyrLLxBw.webp,,,,2019/10/23 11:32,http://www.dianping.com/shop/18559713
19127825,0,江宁1号,5,南京,南京,江苏,,25,,胜太路,双龙大道1222号,双龙大道与胜太路交汇处,80,生活服务,小区,0,118.81998,31.944239,,,,,0,FALSE,http://p1.meituan.net/searchscenerec/e4d164c692c016638c37097f8e4c967b197858.png%40300w_1e_1l%7Cwatermark%3D0.webp,,,,2019/10/24 13:54,http://www.dianping.com/shop/19127825
21138668,0,胜太西路地铁站,5,南京,南京,江苏,,25,,胜太路,胜太西路地铁站,,-31277,生活服务,地铁站,4.5,118.807434,31.943772,,,,,33,FALSE,http://qcloud.dpfile.com/pc/An_aH54AedROSVWTUibPED964MEhtf_QveIxAO6Hw2ytqZzpAZdJPpiDQsMK6-Bztinsm4wZBU2JBzCyrLLxBw.webp,,,,2019/10/23 9:45,http://www.dianping.com/shop/21138668
23750514,1,江宁金鹰,5,南京,南京,江苏,,25,4008008988,百家湖,双龙大道1688号,,20,购物,综合商场,0,118.819511,31.931631,,,,,0,FALSE,,,,,2019/10/11 7:36,http://www.dianping.com/shop/23750514
24370808,0,悦恒君铂大厦,5,南京,南京,江苏,费用:¥14926,25,,河定桥,秣陵街道双龙大道1341号,,80,生活服务,商务楼,4,118.821916,31.945309,,,,,0,FALSE,http://p1.meituan.net/searchscenerec/e4d164c692c016638c37097f8e4c967b197858.png%40300w_1e_1l%7Cwatermark%3D0.webp,,,,2019/10/23 9:50,http://www.dianping.com/shop/24370808
24370846,0,胜泰华府,5,南京,南京,江苏,均价30288元/平,25,52121212,百家湖,江宁开发区胜太东路36号,,80,生活服务,小区,4,118.824344,31.944775,8.2,8.2,7.7,,2,FALSE,http://qcloud.dpfile.com/pc/0z658iMtfgsViHoGUT79nU4u0Bad2XLPMV5qDmn6Yf2hcnhWT6pkqUPP6r_Qeo3Gtinsm4wZBU2JBzCyrLLxBw.webp,,,,2019/10/23 9:50,http://www.dianping.com/shop/24370846
24370849,0,绿城水晶蓝湾,5,南京,南京,江苏,均价33469元/平,25,,百家湖,双龙大道1568号,凤凰广场南侧,80,生活服务,小区,4,118.820343,31.933811,8.2,8,8,,26,FALSE,http://qcloud.dpfile.com/pc/aSDTLk3rU-WO_mjQsQpN22YfnvJ19jjeaU-OYNsrXFDw8m4ZjeY4lj7gdA-w6W1ktinsm4wZBU2JBzCyrLLxBw.webp,,,,2019/10/23 9:51,http://www.dianping.com/shop/24370849
24370853,1,21世纪世纪园,5,南京,南京,江苏,均价10894元/平,25,,百家湖,双龙大道1433号,,80,生活服务,小区,0,118.82175,31.93918,,,,,0,FALSE,,,,,2019/11/12 2:00,http://www.dianping.com/shop/24370853
24370857,1,同曦鸣城,5,南京,南京,江苏,均价17182元/平,25,,百家湖,胜太东路8号,,80,生活服务,小区,0,118.8226,31.94353,,,,,0,FALSE,,,,,2019/11/11 23:44,http://www.dianping.com/shop/24370857
24371041,0,托乐嘉睦邻居,5,南京,南京,江苏,均价25371元/平,25,,将军山,将军大道9号,,80,生活服务,小区,3,118.784958,31.945507,5.8,8.2,7.4,,4,FALSE,http://qcloud.dpfile.com/pc/Y1xgTgpcYww-f_euWjP8F4G0T05Vf2C8nwkv6Y9Ky_XnLFDTn8crZzNMi0nPAaYStinsm4wZBU2JBzCyrLLxBw.webp,,,,2019/10/23 13:14,http://www.dianping.com/shop/24371041
24371067,1,胜太商住楼,5,南京,南京,江苏,费用:¥11486,25,,将军山,胜太西路,,80,生活服务,商务楼,0,118.79662,31.94857,,,,,0,FALSE,,,,,2019/11/12 2:00,http://www.dianping.com/shop/24371067
24371097,1,托乐嘉城市广场,5,南京,南京,江苏,费用:¥17570,25,,将军山,将军大道9号,,80,生活服务,商务楼,0,118.7853,31.94608,,,,,0,FALSE,,,,,2019/10/31 15:32,http://www.dianping.com/shop/24371097
24371102,1,翠屏紫气云谷,5,南京,南京,江苏,均价20810元/平,25,,将军山,将军大道20号,,80,生活服务,小区,0,118.78694,31.93574,,,,,0,FALSE,,,,,2019/11/12 4:41,http://www.dianping.com/shop/24371102
24371145,1,挪威森林小区,5,南京,南京,江苏,均价15854元/平,25,,将军山,将军大道33号,,80,生活服务,小区,0,118.78976,31.9318,,,,,0,FALSE,,,,,2019/11/11 22:27,http://www.dianping.com/shop/24371145
24467622,0,汇金旗林大厦,5,南京,南京,江苏,费用:¥15209,25,,胜太路,"胜太路以南,西临旗林广场",,80,生活服务,商务楼,3,118.81414,31.94435,,,,,0,FALSE,https://img.meituan.net/mogu/31bc38bfa9cdd6fa7d8debff2c221b3f599955.jpg%40300w_1e_1l%7Cwatermark%3D0.webp,,,,2019/10/23 14:09,http://www.dianping.com/shop/24467622
24467630,1,百家湖花园.花园米兰城,5,南京,南京,江苏,均价11050元/平,25,,开发区,利源中路99号,,80,生活服务,小区,0,118.80797,31.93516,5.8,8.2,7.1,,0,FALSE,,,,,2019/11/28 18:48,http://www.dianping.com/shop/24467630
24467642,0,太平商贸,5,南京,南京,江苏,均价25188元/平,25,,江宁区,平泰街78号,公交车站,80,生活服务,小区,3,118.8007,31.93832,5.8,8.2,6.7,,0,FALSE,http://p1.meituan.net/searchscenerec/e4d164c692c016638c37097f8e4c967b197858.png%40300w_1e_1l%7Cwatermark%3D0.webp,,,,2019/10/24 12:20,http://www.dianping.com/shop/24467642
24467655,1,百家湖花园·维也纳城,5,南京,南京,江苏,均价13602元/平,25,,开发区,利源中路99号,公交车站,80,生活服务,小区,0,118.80797,31.93516,,,,,0,FALSE,,,,,2019/11/11 22:26,http://www.dianping.com/shop/24467655
24467662,1,百家湖花园·罗马城,5,南京,南京,江苏,均价15361元/平,25,,开发区,利源中路99号,地铁站,80,生活服务,小区,0,118.80797,31.93516,,,,,0,FALSE,,,,,2019/11/12 2:02,http://www.dianping.com/shop/24467662
24467675,0,胜利路1号小区,5,南京,南京,江苏,均价14835元/平,25,,胜太路,胜利路1号,公交车站,80,生活服务,小区,3,118.81606,31.947,9,8.2,5.7,,0,FALSE,http://qcloud.dpfile.com/pc/hxU0Bfi4KK6MELZWjDCvwRUi3gmgxVnzCzEsN49U8FviRsXdZJKlCom5cVeXihR4tinsm4wZBU2JBzCyrLLxBw.webp,,,,2019/10/23 14:09,http://www.dianping.com/shop/24467675
24467698,1,同曦公寓,5,南京,南京,江苏,均价17505元/平,25,,开发区,胜太路8号,,80,生活服务,小区,0,118.8092,31.94395,,,,,0,FALSE,,,,,2019/11/11 22:27,http://www.dianping.com/shop/24467698
24467711,0,通淮街小区,5,南京,南京,江苏,,25,,胜太路,通淮街,公交车站,80,生活服务,小区,3,118.80947,31.94265,5.8,8.2,5.6,,2,FALSE,http://p1.meituan.net/searchscenerec/e4d164c692c016638c37097f8e4c967b197858.png%40300w_1e_1l%7Cwatermark%3D0.webp,,,,2019/10/23 14:09,http://www.dianping.com/shop/24467711
24467786,0,太平商住楼,5,南京,南京,江苏,费用:¥11666,25,,胜太路,胜太西路与通淮街交叉口西南角,,80,生活服务,商务楼,3,118.80112,31.94331,,,,,2,FALSE,http://p1.meituan.net/searchscenerec/e4d164c692c016638c37097f8e4c967b197858.png%40300w_1e_1l%7Cwatermark%3D0.webp,,,,2019/10/23 14:09,http://www.dianping.com/shop/24467786
24467794,0,湖滨路散盘,5,南京,南京,江苏,,25,,胜太路,湖滨路9号,,80,生活服务,小区,3,118.80908,31.94224,5.8,8.2,5.6,,0,FALSE,http://qcloud.dpfile.com/pc/ovQgBgQiimyQ-T3V5unXwGbATqF4fqSUz4KrtWf1XVqyqvMnEccWCPyW2G9jhSnYtinsm4wZBU2JBzCyrLLxBw.webp,,,,2019/11/28 18:53,http://www.dianping.com/shop/24467794
24467798,0,中航樾府,5,南京,南京,江苏,均价32382元/平,25,,开发区,天元西路和静淮街交汇处,地铁站,80,生活服务,小区,3.5,118.799585,31.930641,7.6,7.3,7.5,,12,FALSE,http://qcloud.dpfile.com/pc/38goq8RSBOS-RRidgoLB5YISR9yvfILnEVw0uHUBzU8bQo1Jt4ueZmS-q8gtnJ0Otinsm4wZBU2JBzCyrLLxBw.webp,,,,2019/10/23 9:51,http://www.dianping.com/shop/24467798
24467809,0,百家湖利源国际公馆,5,南京,南京,江苏,均价14705元/平,25,,开发区,利源中路230号,地铁站,80,生活服务,小区,3,118.805618,31.928989,5.8,8.2,8.2,,1,FALSE,http://qcloud.dpfile.com/pc/_N8_p77NDFabnmbKJS4P788JjO0VCnNtZWtUI-Yjnuak5yBXwMat1SQ4UafoDRKptinsm4wZBU2JBzCyrLLxBw.webp,,,,2019/10/23 8:40,http://www.dianping.com/shop/24467809
24467813,1,管委会家属院,5,南京,南京,江苏,,25,,百家湖,佳湖西路6号,,80,生活服务,小区,0,118.810576,31.938134,5.8,8.2,5.9,,0,FALSE,http://p1.meituan.net/searchscenerec/e4d164c692c016638c37097f8e4c967b197858.png%40300w_1e_1l%7Cwatermark%3D0.webp,,,,2019/11/28 18:57,http://www.dianping.com/shop/24467813
24467817,0,逸翠居,5,南京,南京,江苏,均价27693元/平,25,,开发区,江宁开发区石柱街10号,,80,生活服务,小区,3,118.802071,31.932523,5.8,8.2,5.7,,2,FALSE,http://qcloud.dpfile.com/pc/EjkNy4jKZD4ln1MKiv6U4jFWQcHRdaxsSE6M0Dh6gjTC9O1J98mCeXEZx-VoMzJJtinsm4wZBU2JBzCyrLLxBw.webp,,,,2019/10/23 14:12,http://www.dianping.com/shop/24467817
24467833,0,新城发展中心,5,南京,南京,江苏,费用:¥17359,25,52072999,开发区,秣陵街道天元中路126号,,80,生活服务,商务楼,3,118.825431,31.928921,5,5,5.9,,4,FALSE,http://qcloud.dpfile.com/pc/O2BJcd4h-snGBN3vVtMKQcGav1_Cz6ds0Kt6f4CE4hF2wkLwgL9Z9Lu_MkXOINditinsm4wZBU2JBzCyrLLxBw.webp,,,,2019/10/23 14:12,http://www.dianping.com/shop/24467833
24543840,1,翠屏国际城,5,南京,南京,江苏,均价16430元/平,25,,江宁区,将军大道88号,,80,生活服务,小区,0,118.78533,31.9371,,,,,0,FALSE,,,,,2019/11/11 22:30,http://www.dianping.com/shop/24543840
24544674,0,金轮新都汇,5,南京,南京,江苏,均价16640元/平,25,,河定桥,江宁双龙大道以西、董村路以北,,80,生活服务,小区,3,118.811083,31.94888,5.8,5.4,7.6,,0,FALSE,http://qcloud.dpfile.com/pc/_EqHugwd_KVc4tu7I_4st25N4wj9AtHSlZp8Turgqa857nFqhGQMxlgNS2QTSzUjtinsm4wZBU2JBzCyrLLxBw.webp,,,,2019/10/23 13:34,http://www.dianping.com/shop/24544674
24996407,1,江宁开发区总部经济基地16号楼,5,南京,南京,江苏,,25,,开发区,菲尼克斯路199号,,80,生活服务,商务楼,0,118.82,31.93,,,,,0,FALSE,,,,,2019/11/10 15:38,http://www.dianping.com/shop/24996407
24996410,1,江宁开发区总部经济基地9号楼,5,南京,南京,江苏,,25,,开发区,菲尼克斯路199号,,80,生活服务,商务楼,0,118.82,31.93,,,,,0,FALSE,,,,,2019/11/11 2:55,http://www.dianping.com/shop/24996410
26977927,1,枫情佳园,5,南京,南京,江苏,均价27408元/平,25,,胜太路,胜太路88号,,80,生活服务,小区,0,118.81174,31.943828,,,,,1,FALSE,,,,,2019/11/11 0:48,http://www.dianping.com/shop/26977927
26978644,0,胜太路办公楼,5,南京,南京,江苏,,25,,胜太路,开发区胜利西路9号,,80,生活服务,商务楼,3.5,118.80597,31.94642,,,,,2,FALSE,http://p1.meituan.net/searchscenerec/e4d164c692c016638c37097f8e4c967b197858.png%40300w_1e_1l%7Cwatermark%3D0.webp,,,,2019/10/23 14:09,http://www.dianping.com/shop/26978644
32723406,1,托乐嘉商城,5,南京,南京,江苏,,25,,托乐嘉,将军大道9号,,20,购物,综合商场,0,118.78554,31.944463,7.7,7.6,7.7,,16,FALSE,http://qcloud.dpfile.com/pc/qdZiPg_Uk7YTsne2l91C7KZ6-e0YL_eTz3-_vuZAnPxUdy91TFIEVvDNZXJOnOQztinsm4wZBU2JBzCyrLLxBw.webp,,,,2019/8/22 1:08,http://www.dianping.com/shop/32723406
32803338,0,翠屏新天地,5,南京,南京,江苏,,25,,托乐嘉,将军大道20号,,20,购物,综合商场,3.5,118.78517,31.936985,7.2,7.2,7.2,,1,FALSE,http://qcloud.dpfile.com/pc/JGMF5vV8r1JpPZPuR6VUsRAHmjp1Q5Uj56nRdvWU0joMnYjLnRmnPGedvLIVtAB2tinsm4wZBU2JBzCyrLLxBw.webp,,,,2019/8/22 1:00,http://www.dianping.com/shop/32803338
32803345,0,托乐嘉乐尚天地,5,南京,南京,江苏,消费:¥45,25,,托乐嘉,将军大道9号,,20,购物,综合商场,4.5,118.78518,31.94323,8.8,8.5,8.9,,118,FALSE,http://p1.meituan.net/shopmainpic/b8f8bca1eb32ae6064eef504bacabba7663513.jpg%40300w_1e_1l%7Cwatermark%3D0.webp,,,,2019/8/22 1:01,http://www.dianping.com/shop/32803345
44415616,1,正德职业技术学院-东北门,5,南京,南京,江苏,,25,,江宁区,将军大道18,,75,教育培训,大学,0,118.78546,31.93932,,,,,0,FALSE,,,,,2019/8/10 4:25,http://www.dianping.com/shop/44415616
44442378,1,中惠大厦北楼,5,南京,南京,江苏,,25,,江宁区,将军大道20,,80,生活服务,商务楼,0,118.78716,31.93542,,,,,0,FALSE,,,,,2019/11/11 0:47,http://www.dianping.com/shop/44442378
44632038,0,金穗科技苑中心机房楼,5,南京,南京,江苏,,25,,胜太路,胜利路100号省农行,,80,生活服务,商务楼,0,118.819232,31.946822,,,,,0,FALSE,http://p1.meituan.net/searchscenerec/e4d164c692c016638c37097f8e4c967b197858.png%40300w_1e_1l%7Cwatermark%3D0.webp,,,,2019/10/24 13:54,http://www.dianping.com/shop/44632038
44818137,0,百家湖花园管理处配电房,5,南京,南京,江苏,,25,,胜太路,湖滨路54号附近,,80,生活服务,小区,0,118.81348,31.94077,,,,,0,FALSE,http://p1.meituan.net/searchscenerec/e4d164c692c016638c37097f8e4c967b197858.png%40300w_1e_1l%7Cwatermark%3D0.webp,,,,2019/11/28 17:06,http://www.dianping.com/shop/44818137
44828050,0,汇金旗林大厦-西北门,5,南京,南京,江苏,费用:¥23479,25,,胜太路,胜太路6号,,80,生活服务,商务楼,3.5,118.809126,31.943716,,,,,2,FALSE,http://p1.meituan.net/searchscenerec/e4d164c692c016638c37097f8e4c967b197858.png%40300w_1e_1l%7Cwatermark%3D0.webp,,,,2019/10/18 12:35,http://www.dianping.com/shop/44828050
44887594,0,同曦鸣城商务楼a-8栋,5,南京,南京,江苏,,25,52128400,胜太路,胜太东路8号,,80,生活服务,商务楼,3,118.823754,31.944667,,,,,1,FALSE,http://qcloud.dpfile.com/pc/jmFxo6gTsXtOsrcrqwW1U1E5udmdjwgB9ZxPl3xo11cCV9F7QlVkPhmTvz5Zwk-ttinsm4wZBU2JBzCyrLLxBw.webp,,,,2019/11/28 18:49,http://www.dianping.com/shop/44887594
44904741,0,巴莱大厦,5,南京,南京,江苏,,25,,胜太路,江宁开发区胜太路39号,,80,生活服务,商务楼,3.5,118.811409,31.944534,,,,,2,FALSE,http://p1.meituan.net/searchscenerec/e4d164c692c016638c37097f8e4c967b197858.png%40300w_1e_1l%7Cwatermark%3D0.webp,,,,2019/10/23 14:09,http://www.dianping.com/shop/44904741
45197295,0,国家千人计划专家创新创业江宁基地,5,南京,南京,江苏,,25,,将军山,将军大道37号,,80,生活服务,商务楼,0,118.791132,31.930299,,,,,0,FALSE,http://p1.meituan.net/searchscenerec/e4d164c692c016638c37097f8e4c967b197858.png%40300w_1e_1l%7Cwatermark%3D0.webp,,,,2019/11/28 17:23,http://www.dianping.com/shop/45197295
45198432,0,千人计划专家创业大厦,5,南京,南京,江苏,,25,,将军山,南佑路7号,,80,生活服务,商务楼,3.5,118.79194,31.933081,,,,,1,FALSE,http://qcloud.dpfile.com/pc/F_6IqR7OuHwQlYB6tI2XTM9JMcV80EPb6tm8vnPfA4hsU7JcuHnmDVpXdc9Jf5e_tinsm4wZBU2JBzCyrLLxBw.webp,,,,2019/10/24 13:30,http://www.dianping.com/shop/45198432
45219334,0,南京航空航天大学将军路校区博园学生公寓6,5,南京,南京,江苏,,25,,胜太路,胜太西路157附近,,80,生活服务,商务楼,3.5,118.78971,31.94231,,,,,3,FALSE,http://qcloud.dpfile.com/pc/aAtgXfO8ZNZwHe6isEUIeoOdGqYR_KxLhB2ygoYECFlQlzuQC63q32F_sIUnu7u2tinsm4wZBU2JBzCyrLLxBw.webp,,,,2019/10/23 14:09,http://www.dianping.com/shop/45219334
48576468,0,电声大院,5,南京,南京,江苏,,25,,胜太路,东山街道胜利路19号,,80,生活服务,小区,3.5,118.81006,31.946928,6.9,6.9,6.9,,1,FALSE,http://p1.meituan.net/searchscenerec/e4d164c692c016638c37097f8e4c967b197858.png%40300w_1e_1l%7Cwatermark%3D0.webp,,,,2019/10/24 12:20,http://www.dianping.com/shop/48576468
48821262,1,胜太路商业街,5,南京,南京,江苏,,25,,江宁区,胜太路109附近,,35,景点,观光街区,3.5,118.820118,31.944926,6.9,6.9,6.9,,1,FALSE,http://p0.meituan.net/travel/012519d03941e57e70d43f05d9cd32e4270770.jpg%40720w_348h_1e_1c_1l%7Cwatermark%3D0,,,,2019/8/22 1:28,http://www.dianping.com/shop/48821262
50326649,0,1912商业广场,5,南京,南京,江苏,消费:¥117,25,52157111,百家湖,佳湖东路百家湖1912街区11号楼B1楼,,20,购物,综合商场,5,118.818378,31.931755,9.2,9.2,9.1,,65,FALSE,http://qcloud.dpfile.com/pc/neaGJohkjo4GoL4GJSnODNbYhqKh9Rnnl_8IgWfX6rxh6JhxEc998p_soZ_ljKFUtinsm4wZBU2JBzCyrLLxBw.webp,,,,2019/8/22 1:00,http://www.dianping.com/shop/50326649
50612445,0,金鹰天地广场,5,南京,南京,江苏,消费:¥148,25,85678899,百家湖,双龙大道1680号,,20,购物,综合商场,5,118.820923,31.931769,9.2,9.3,9.2,,152,FALSE,http://p1.meituan.net/shopmainpic/5431fd036a3fb3fa03c4135fe90ed1d887919.jpg%40300w_1e_1l%7Cwatermark%3D0.webp,,江宁店,,2019/9/23 16:32,http://www.dianping.com/shop/50612445
66962715,1,太平花苑104栋207室,5,南京,南京,江苏,,25,,百家湖,江宁通淮街18号,,80,生活服务,小区,0,118.802596,31.933887,7,7,7,,1,FALSE,,,,,2019/11/28 19:10,http://www.dianping.com/shop/66962715
69863721,0,汇金新天地广场,5,南京,南京,江苏,,25,52129333,胜太路,胜利路18号,,80,生活服务,商务楼,3.5,118.80976,31.94607,6.9,6.9,6.9,,1,FALSE,http://p1.meituan.net/searchscenerec/e4d164c692c016638c37097f8e4c967b197858.png%40300w_1e_1l%7Cwatermark%3D0.webp,,,,2019/8/16 20:01,http://www.dianping.com/shop/69863721
69863727,0,三色商务楼,5,南京,南京,江苏,,25,,河定桥,双龙大道1229号,,80,生活服务,商务楼,0,118.821116,31.948856,,,,,0,FALSE,http://p1.meituan.net/searchscenerec/e4d164c692c016638c37097f8e4c967b197858.png%40300w_1e_1l%7Cwatermark%3D0.webp,,,,2019/11/17 9:03,http://www.dianping.com/shop/69863727
69913056,0,同曦国际广场,5,南京,南京,江苏,均价28777元/平,25,4007001234,胜太路,双龙大道1222号,,80,生活服务,小区,0,118.818971,31.943565,,,,,0,FALSE,http://p1.meituan.net/shopmainpic/fb7d16c45e8031d940946c74a24e57b737874.jpg%40300w_1e_1l%7Cwatermark%3D0.webp,,,,2019/10/23 14:09,http://www.dianping.com/shop/69913056
69913110,0,百家湖·印象威尼斯,5,南京,南京,江苏,,25,,百家湖,开发区佳湖西路19号,,80,生活服务,小区,3.5,118.811747,31.933164,7.7,7.7,7.7,,1,FALSE,http://p1.meituan.net/searchscenerec/e4d164c692c016638c37097f8e4c967b197858.png%40300w_1e_1l%7Cwatermark%3D0.webp,,,,2019/10/23 14:42,http://www.dianping.com/shop/69913110
69966038,1,中国农业银行南京江宁支行办公楼,5,南京,南京,江苏,,25,,胜太路,胜利路102号,,80,生活服务,商务楼,0,118.820571,31.946945,,,,,0,FALSE,http://p1.meituan.net/searchscenerec/e4d164c692c016638c37097f8e4c967b197858.png%40300w_1e_1l%7Cwatermark%3D0.webp,,,,2019/11/17 9:33,http://www.dianping.com/shop/69966038
69969013,0,天元国际大厦,5,南京,南京,江苏,,25,,百家湖,双龙大道与西门子路交叉口东100米,,80,生活服务,商务楼,3,118.822313,31.936227,,,,,0,FALSE,http://qcloud.dpfile.com/pc/TxXiUydVvGA1u9F5lEJ8gPOwkFYHQV_uHBK80KIEbm6-Rvmb16p-Q0IV4HT3f21Mtinsm4wZBU2JBzCyrLLxBw.webp,,,,2019/11/28 18:54,http://www.dianping.com/shop/69969013
69982815,1,名家科技大厦,5,南京,南京,江苏,,25,52120022,胜太路,胜利路99号,,80,生活服务,商务楼,0,118.818891,31.947481,,,,,0,FALSE,,,,,2019/11/17 9:36,http://www.dianping.com/shop/69982815
69985798,1,新街坊,5,南京,南京,江苏,,25,,百家湖,百家湖大街爱德美幼儿园隔壁,,80,生活服务,商务楼,3,118.806008,31.934756,,,,,0,FALSE,,,,,2019/11/17 9:38,http://www.dianping.com/shop/69985798
69986133,1,千人创业大厦,5,南京,南京,江苏,,25,,将军山,南佑路东端,,80,生活服务,商务楼,0,118.792225,31.932842,,,,,0,FALSE,,,,,2019/11/10 11:14,http://www.dianping.com/shop/69986133
69988052,0,翠屏国际,5,南京,南京,江苏,,25,,百家湖,双龙大道与菲尼克斯路交叉口西北100米,,80,生活服务,商务楼,4,118.82108,31.932999,,,,,1,FALSE,http://qcloud.dpfile.com/pc/aCYxDuj62LL3Rqg11Bixchz3Hr3egerOg_Y41JGELNJ2wkLwgL9Z9Lu_MkXOINditinsm4wZBU2JBzCyrLLxBw.webp,,,,2019/10/23 14:42,http://www.dianping.com/shop/69988052
69988389,1,京状商务,5,南京,南京,江苏,,25,,胜太路,胜利西路9号,,80,生活服务,商务楼,0,118.805804,31.945514,,,,,0,FALSE,,,,,2019/11/10 13:17,http://www.dianping.com/shop/69988389
69995803,0,和建大厦,5,南京,南京,江苏,,25,,胜太路,胜利路38号,,80,生活服务,商务楼,3.5,118.811306,31.946536,,,,,1,FALSE,http://p1.meituan.net/searchscenerec/e4d164c692c016638c37097f8e4c967b197858.png%40300w_1e_1l%7Cwatermark%3D0.webp,,,,2019/10/23 14:09,http://www.dianping.com/shop/69995803
70014790,0,烟波阁,5,南京,南京,江苏,,25,,百家湖,佳湖西路与利源中路交叉口东南150米,,80,生活服务,小区,0,118.808905,31.930839,,,,,0,FALSE,http://p1.meituan.net/searchscenerec/e4d164c692c016638c37097f8e4c967b197858.png%40300w_1e_1l%7Cwatermark%3D0.webp,,,,2019/11/17 9:10,http://www.dianping.com/shop/70014790
70023205,1,水岸香樟私人派对别墅,5,南京,南京,江苏,,25,,将军山,将军大道20号翠屏国际城,翠屏山地铁站,80,生活服务,小区,0,118.78723,31.932901,,,,,0,FALSE,,,,,2019/11/10 11:14,http://www.dianping.com/shop/70023205
70032862,0,凌波阁,5,南京,南京,江苏,均价24650元/平,25,,百家湖,利源中路129号,,80,生活服务,小区,0,118.80909,31.93157,,,,,0,FALSE,http://p1.meituan.net/searchscenerec/e4d164c692c016638c37097f8e4c967b197858.png%40300w_1e_1l%7Cwatermark%3D0.webp,,,,2019/10/23 14:42,http://www.dianping.com/shop/70032862
70062526,0,太平邻里社区,5,南京,南京,江苏,,25,,百家湖,平泰街与通淮街交叉口东100米,,80,生活服务,小区,0,118.804023,31.938646,,,,,0,FALSE,http://p1.meituan.net/searchscenerec/e4d164c692c016638c37097f8e4c967b197858.png%40300w_1e_1l%7Cwatermark%3D0.webp,,,,2019/11/17 9:09,http://www.dianping.com/shop/70062526
70465588,0,秋山苑,5,南京,南京,江苏,,25,,胜太路,利源中路20号,,80,生活服务,小区,3.5,118.80393,31.94097,6.8,7.2,7.2,,1,FALSE,http://p1.meituan.net/searchscenerec/e4d164c692c016638c37097f8e4c967b197858.png%40300w_1e_1l%7Cwatermark%3D0.webp,,,,2019/10/23 14:09,http://www.dianping.com/shop/70465588
72383587,1,托乐嘉花园业主委员会,5,南京,南京,江苏,,25,52075406,托乐嘉,将军大道9号,,80,生活服务,小区,0,118.7858,31.947782,,,,,0,FALSE,,,,,2019/11/28 18:41,http://www.dianping.com/shop/72383587
75188834,1,景枫kingmo,5,南京,南京,江苏,,25,,百家湖,双龙大道,,20,购物,综合商场,0,118.82112,31.92971,,,,,6,FALSE,,,,,2019/10/28 16:59,http://www.dianping.com/shop/75188834
77078231,0,11栋贵邻居,5,南京,南京,江苏,,25,,托乐嘉,将军大道顺翔西街托乐嘉花园,,80,生活服务,小区,3,118.78837,31.94756,,,,,0,FALSE,http://p1.meituan.net/searchscenerec/e4d164c692c016638c37097f8e4c967b197858.png%40300w_1e_1l%7Cwatermark%3D0.webp,,,,2019/10/24 13:12,http://www.dianping.com/shop/77078231
77100799,0,湖滨世纪花园夏林苑-2幢,5,南京,南京,江苏,均价24160元/平,25,,胜太路,湖滨世纪花园夏林苑2幢,,80,生活服务,小区,0,118.804274,31.942172,,,,,0,FALSE,http://p1.meituan.net/searchscenerec/e4d164c692c016638c37097f8e4c967b197858.png%40300w_1e_1l%7Cwatermark%3D0.webp,,,,2019/10/23 14:09,http://www.dianping.com/shop/77100799
77108046,0,静月花园-3幢,5,南京,南京,江苏,均价27672元/平,25,,胜太路,江宁江宁胜太路双龙大道1280号,,80,生活服务,小区,3.5,118.820812,31.942747,7,7,7,,1,FALSE,http://qcloud.dpfile.com/pc/tn8TO4sS_6dRCck4yypQPcFRmjzfupQimNkeT7c4HHRTpYn-Yo01boU6WgbO1YVBtinsm4wZBU2JBzCyrLLxBw.webp,,,,2019/10/23 14:09,http://www.dianping.com/shop/77108046
77118159,0,托乐嘉小区友邻居-10幢,5,南京,南京,江苏,,25,,胜太路,托乐嘉友邻居10幢,,80,生活服务,小区,0,118.789693,31.944859,,,,,0,FALSE,http://p1.meituan.net/searchscenerec/e4d164c692c016638c37097f8e4c967b197858.png%40300w_1e_1l%7Cwatermark%3D0.webp,,,,2019/11/17 8:51,http://www.dianping.com/shop/77118159
77124452,0,瑞竹园,5,南京,南京,江苏,,25,,胜太路,湖滨路9号,,80,生活服务,小区,0,118.80907,31.94266,,,,,0,FALSE,https://img.meituan.net/mogu/06b79b0d1ac26a64ac9cb767d733e7571220592.jpg%40300w_1e_1l%7Cwatermark%3D0.webp,,,,2019/11/17 9:03,http://www.dianping.com/shop/77124452
77126673,0,胜利一村,5,南京,南京,江苏,,25,,胜太路,严柳街与胜太路交叉口,,80,生活服务,小区,3.5,118.82321,31.94596,7.1,7.1,7.1,,1,FALSE,http://qcloud.dpfile.com/pc/gQpZpNLLvGuZMGr4jxmTYXC0QB59s0osL0phL5gB3fEB_qMFKhExmpyVoZxj-Gsptinsm4wZBU2JBzCyrLLxBw.webp,,,,2019/10/23 14:09,http://www.dianping.com/shop/77126673
77131506,0,太平花苑北区-58幢,5,南京,南京,江苏,,25,,江宁区,太平花苑北区58幢,,80,生活服务,小区,0,118.79991,31.938316,,,,,0,FALSE,http://p1.meituan.net/searchscenerec/e4d164c692c016638c37097f8e4c967b197858.png%40300w_1e_1l%7Cwatermark%3D0.webp,,,,2019/11/17 9:11,http://www.dianping.com/shop/77131506
77136244,0,托乐嘉友邻居-3幢,5,南京,南京,江苏,,25,,胜太路,托乐嘉友邻居3幢,,80,生活服务,小区,3.5,118.788156,31.946262,7.4,7.4,7.4,,2,FALSE,http://qcloud.dpfile.com/pc/k_Wjw2bfNbadtO4q8i6hUPRTgSnLlMIgcADeLmG-M4_nW2WdHL6k0o2qrevBcuh0tinsm4wZBU2JBzCyrLLxBw.webp,,,,2019/10/23 14:09,http://www.dianping.com/shop/77136244
77136360,1,托乐嘉友邻居-9幢,5,南京,南京,江苏,均价26799元/平,25,,胜太路,托乐嘉友邻居9幢,,80,生活服务,小区,0,118.789265,31.945283,,,,,0,FALSE,,,,,2019/11/1 3:06,http://www.dianping.com/shop/77136360
77137536,0,文化名园涵翠苑-4幢,5,南京,南京,江苏,,25,,百家湖,文化名园涵翠苑4幢,,80,生活服务,小区,0,118.81402,31.929272,,,,,0,FALSE,http://p1.meituan.net/searchscenerec/e4d164c692c016638c37097f8e4c967b197858.png%40300w_1e_1l%7Cwatermark%3D0.webp,,,,2019/11/1 3:06,http://www.dianping.com/shop/77137536
77137583,0,文化名园云水苑-2幢,5,南京,南京,江苏,,25,,百家湖,文化名园云水苑2幢,,80,生活服务,小区,0,118.813973,31.930052,,,,,0,FALSE,http://p1.meituan.net/searchscenerec/e4d164c692c016638c37097f8e4c967b197858.png%40300w_1e_1l%7Cwatermark%3D0.webp,,,,2019/11/17 9:02,http://www.dianping.com/shop/77137583
77150749,1,中航樾府三期,5,南京,南京,江苏,,25,,江宁区,静淮街,,80,生活服务,小区,0,118.79975,31.92915,6.4,6.4,6.4,,1,FALSE,,,,,2019/11/17 9:00,http://www.dianping.com/shop/77150749
77187201,0,京妆产业园,5,南京,南京,江苏,,25,4006228100,胜太路,胜利西路9号,,80,生活服务,商务楼,3.5,118.80594,31.94634,,,,,2,FALSE,http://qcloud.dpfile.com/pc/tg5kLqQH_FE8hs9Wfa6TT_0iGSWiGciySixD0CrA3ezuVJrluDRgoe9GGULnE-C0tinsm4wZBU2JBzCyrLLxBw.webp,,,,2019/10/23 14:09,http://www.dianping.com/shop/77187201
78115496,0,碧波阁,5,南京,南京,江苏,均价30742元/平,25,,百家湖,佳湖西路与利源中路交叉口东南100米,,80,生活服务,小区,0,118.808698,31.931352,,,,,0,FALSE,http://p1.meituan.net/searchscenerec/e4d164c692c016638c37097f8e4c967b197858.png%40300w_1e_1l%7Cwatermark%3D0.webp,,,,2019/10/23 9:51,http://www.dianping.com/shop/78115496
79571487,3,前海开心购跨境商品保税直购商城,5,南京,南京,江苏,,25,,胜太路,双龙大道1351号同曦·万尚城假日百货南楼B1,,20,购物,综合商场,3,118.822798,31.944448,,,,,0,FALSE,http://p1.meituan.net/searchscenerec/c1132df80f470a7ab75f3bab4a229ba6291375.png%40300w_1e_1l%7Cwatermark%3D0.webp,,万尚城店,,2019/8/21 22:57,http://www.dianping.com/shop/79571487
92006227,0,宁湖园岚岛别墅,5,南京,南京,江苏,均价25860元/平,25,,胜太路,双龙大道1368号,,80,生活服务,小区,3.5,118.820569,31.940906,7.5,7.5,7.2,,5,FALSE,http://qcloud.dpfile.com/pc/ytCNyGbMsQXrj-8ngHIkhPbevP5hnOdz3ylMKFrsbNYrogqmQ1IfNku3-nr6BY0Ctinsm4wZBU2JBzCyrLLxBw.webp,,,,2019/10/23 14:09,http://www.dianping.com/shop/92006227
92014471,1,翠屏国际梧桐苑,5,南京,南京,江苏,均价23057元/平,25,,将军山,将军大道20号,,80,生活服务,小区,0,118.786848,31.935585,,,,,0,FALSE,,,,,2019/11/1 2:27,http://www.dianping.com/shop/92014471
96754965,0,蓝鲸派高端别墅轰趴,5,南京,南京,江苏,,25,,胜太路,双龙大道与同曦鸣城步行街交叉口西150米,,80,生活服务,小区,0,118.820457,31.941602,,,,,0,FALSE,http://p1.meituan.net/searchscenerec/e4d164c692c016638c37097f8e4c967b197858.png%40300w_1e_1l%7Cwatermark%3D0.webp,,,,2019/11/17 9:12,http://www.dianping.com/shop/96754965
96776339,0,梧桐林创聚广场,5,南京,南京,江苏,,25,52120962,胜太路,胜太路58号,,80,生活服务,商务楼,3,118.81212,31.943896,,,,,2,FALSE,http://qcloud.dpfile.com/pc/LufbCS6VuTr280jRXHXphdbpc8IbNg1unJ3lCLuNRmwDggnCZAvP7UpVlNAtDrx6tinsm4wZBU2JBzCyrLLxBw.webp,,,,2019/10/23 14:09,http://www.dianping.com/shop/96776339
96792786,0,招商中心,5,南京,南京,江苏,,25,,胜太路,双龙大道1366号,,80,生活服务,小区,0,118.82121,31.94087,,,,,0,FALSE,http://p1.meituan.net/searchscenerec/e4d164c692c016638c37097f8e4c967b197858.png%40300w_1e_1l%7Cwatermark%3D0.webp,,,,2019/11/17 9:03,http://www.dianping.com/shop/96792786
96793429,0,托东嘉小区,5,南京,南京,江苏,,25,,托乐嘉,将军大道与胜太路交叉口东北100米,,80,生活服务,小区,0,118.7853,31.946076,,,,,0,FALSE,http://p1.meituan.net/searchscenerec/e4d164c692c016638c37097f8e4c967b197858.png%40300w_1e_1l%7Cwatermark%3D0.webp,,,,2019/10/24 13:12,http://www.dianping.com/shop/96793429
96799278,1,翠屏·水晶蓝湾,5,南京,南京,江苏,,25,,百家湖,江宁双龙大道1568号,凤凰广场南侧,80,生活服务,小区,0,118.820343,31.933811,,,,,0,FALSE,,,,,2019/11/17 8:52,http://www.dianping.com/shop/96799278
96811702,0,蔬果家园,5,南京,南京,江苏,,25,,河定桥,严柳街a1-11号附近,,80,生活服务,小区,3.5,118.822184,31.948882,7.7,7.7,7.7,,2,FALSE,https://img.meituan.net/mogu/692c377ecf3084714ad306022923ac86759747.jpg%40300w_1e_1l%7Cwatermark%3D0.webp,,,,2019/10/23 13:34,http://www.dianping.com/shop/96811702
96859830,0,四联新能源大楼,5,南京,南京,江苏,,25,,胜太路,胜利路92号,,80,生活服务,商务楼,0,118.81751,31.94699,,,,,0,FALSE,http://p1.meituan.net/searchscenerec/e4d164c692c016638c37097f8e4c967b197858.png%40300w_1e_1l%7Cwatermark%3D0.webp,,,,2019/11/17 9:25,http://www.dianping.com/shop/96859830
96864594,0,尚园,5,南京,南京,江苏,,25,,胜太路,佳湖西路与湖滨路交叉口南100米,,80,生活服务,小区,0,118.811848,31.941441,,,,,0,FALSE,http://p1.meituan.net/searchscenerec/e4d164c692c016638c37097f8e4c967b197858.png%40300w_1e_1l%7Cwatermark%3D0.webp,,,,2019/11/17 9:10,http://www.dianping.com/shop/96864594
96950925,0,名家科技大厦,5,南京,南京,江苏,,25,52120022,河定桥,胜利路99号,,80,生活服务,商务楼,0,118.818854,31.947832,,,,,0,FALSE,http://p1.meituan.net/searchscenerec/e4d164c692c016638c37097f8e4c967b197858.png%40300w_1e_1l%7Cwatermark%3D0.webp,,,,2019/10/23 13:34,http://www.dianping.com/shop/96950925
96981623,0,昌鹰研发楼,5,南京,南京,江苏,,25,,胜太路,挹淮街与胜利路交叉口东北100米,,80,生活服务,商务楼,0,118.816622,31.947349,,,,,0,FALSE,http://p1.meituan.net/searchscenerec/e4d164c692c016638c37097f8e4c967b197858.png%40300w_1e_1l%7Cwatermark%3D0.webp,,,,2019/10/24 12:38,http://www.dianping.com/shop/96981623
96992249,1,南岸·瑞智NR99文化创意产业园,5,南京,南京,江苏,,25,,胜太路,胜太路99号附近,,80,生活服务,商务楼,0,118.819128,31.944978,,,,,0,FALSE,,,,,2019/11/17 9:34,http://www.dianping.com/shop/96992249
97997058,0,托乐嘉旺邻居,5,南京,南京,江苏,,25,,托乐嘉,将军大道9号,,80,生活服务,小区,3.5,118.78489,31.948682,7.6,7.6,7.6,,3,FALSE,http://qcloud.dpfile.com/pc/fr98EVPw-yP4tOEJS2Lnjx_O7IVgyvAuTozZTuOZ7gKGKaGJ_Q8DOLY49LEQpUX3tinsm4wZBU2JBzCyrLLxBw.webp,,,,2019/10/23 13:14,http://www.dianping.com/shop/97997058
102360022,0,弘阳生活➕,5,南京,南京,江苏,消费:¥137,25,86102836,胜太路,双龙大道1222号,原瑞都购物中心,20,购物,综合商场,5,118.820492,31.944,8.9,9,9,,144,FALSE,http://qcloud.dpfile.com/pc/GvWlRXAQbuS9_h5LU4fbe3ktH5efXUCtjZExJv0Osnyw4jjnMHON8nEjJMyPMcgDtinsm4wZBU2JBzCyrLLxBw.webp,,,,2019/8/22 0:59,http://www.dianping.com/shop/102360022
103526443,1,弘阳家居,5,南京,南京,江苏,,25,,胜太路,双龙大道与胜太路交叉口,,20,购物,综合商场,0,118.820297,31.944071,,,,,2,FALSE,,,建设中,,2019/8/21 23:15,http://www.dianping.com/shop/103526443
105045363,0,湖滨世纪花园-夏林苑,5,南京,南京,江苏,,25,,胜太路,利源中路20号,,80,生活服务,小区,0,118.803003,31.943241,,,,,0,FALSE,http://p1.meituan.net/searchscenerec/e4d164c692c016638c37097f8e4c967b197858.png%40300w_1e_1l%7Cwatermark%3D0.webp,,,,2019/11/17 8:44,http://www.dianping.com/shop/105045363
105409298,0,南京托乐嘉小区-友邻居,5,南京,南京,江苏,,25,,托乐嘉,学府路北200米,,80,生活服务,小区,0,118.787966,31.946899,,,,,0,FALSE,http://p1.meituan.net/searchscenerec/e4d164c692c016638c37097f8e4c967b197858.png%40300w_1e_1l%7Cwatermark%3D0.webp,,,,2019/10/23 13:14,http://www.dianping.com/shop/105409298
105681386,1,高尔夫国际花园4期,5,南京,南京,江苏,,25,,百家湖,利源中路88号高尔夫国际花园,,80,生活服务,小区,0,118.80718,31.937158,,,,,0,FALSE,,,,,2019/11/17 8:48,http://www.dianping.com/shop/105681386
105764267,0,南京市江宁区十一号精品公寓,5,南京,南京,江苏,,25,,胜太路,胜利路18号汇金新天地2栋十一号,,80,生活服务,商务楼,0,118.809979,31.945634,,,,,0,FALSE,http://p1.meituan.net/searchscenerec/e4d164c692c016638c37097f8e4c967b197858.png%40300w_1e_1l%7Cwatermark%3D0.webp,,,,2019/10/24 12:20,http://www.dianping.com/shop/105764267
105821649,0,湖滨世纪花园春水苑-17-1幢A座,5,南京,南京,江苏,,25,,胜太路,通淮街83号附近,,80,生活服务,商务楼,0,118.803294,31.939108,,,,,0,FALSE,http://p1.meituan.net/searchscenerec/e4d164c692c016638c37097f8e4c967b197858.png%40300w_1e_1l%7Cwatermark%3D0.webp,,,,2019/11/17 9:18,http://www.dianping.com/shop/105821649
106399214,0,银联商务,5,南京,南京,江苏,,25,,胜太路,秣陵街道胜利路89号紫金研创中心4幢501,,80,生活服务,商务楼,0,118.81473,31.947219,,,,,0,FALSE,http://p1.meituan.net/searchscenerec/e4d164c692c016638c37097f8e4c967b197858.png%40300w_1e_1l%7Cwatermark%3D0.webp,,,,2019/11/17 9:12,http://www.dianping.com/shop/106399214
107235770,0,文化名园-涵翠苑,5,南京,南京,江苏,,25,,百家湖,天元西路与牧浦街交叉口西北150米,,80,生活服务,小区,0,118.813721,31.92894,,,,,0,FALSE,https://p1.meituan.net/searchscenerec/e4d164c692c016638c37097f8e4c967b197858.png%40160w_1e_1l%7Cwatermark%3D0,,,,2020/1/30 22:21,http://www.dianping.com/shop/107235770
107602864,0,文化名园-逍遥居,5,南京,南京,江苏,,25,,百家湖,天元西路东200米,,80,生活服务,小区,0,118.813438,31.930159,,,,,0,FALSE,https://p1.meituan.net/searchscenerec/e4d164c692c016638c37097f8e4c967b197858.png%40160w_1e_1l%7Cwatermark%3D0,,,,2020/1/30 22:21,http://www.dianping.com/shop/107602864
110682997,0,百家湖罗马城,5,南京,南京,江苏,,25,,百家湖,利源中路121号,,80,生活服务,小区,0,118.808342,31.933748,,,,,0,FALSE,https://p1.meituan.net/searchscenerec/e4d164c692c016638c37097f8e4c967b197858.png%40160w_1e_1l%7Cwatermark%3D0,,,,2020/1/30 22:24,http://www.dianping.com/shop/110682997
114115490,0,享办公创业园,5,南京,南京,江苏,,25,,河定桥,双龙大道1227号附近,,80,生活服务,商务楼,0,118.821167,31.948515,,,,,0,FALSE,https://img.meituan.net/mogu/5ffd62ab3be8cc4fb49dec80ccaa0470579767.jpg%40300w_1e_1l%7Cwatermark%3D0.webp,,,,2019/10/23 13:34,http://www.dianping.com/shop/114115490
114549110,0,越城汇,5,南京,南京,江苏,消费:¥57,25,52288634,托乐嘉,将军大道9号109幢,,20,购物,综合商场,4,118.787129,31.943096,8.3,8.2,8.2,,28,FALSE,http://qcloud.dpfile.com/pc/P4MVu5nJ0v0zGOMpk1FD7aX3YtjaT0sE1tmJPxv0tJh9W6rV741lULaNzfw-uHy4tinsm4wZBU2JBzCyrLLxBw.webp,,,,2019/10/23 11:45,http://www.dianping.com/shop/114549110
125988726,0,瑞丰大厦,5,南京,南京,江苏,,25,,河定桥,双龙大道,,80,生活服务,商务楼,0,118.821715,31.939722,,,,,0,FALSE,https://img.meituan.net/mogu/7ffa7c0f4154eb8b94e7e4ba4775a2111131342.jpg%40300w_1e_1l%7Cwatermark%3D0.webp,,,,2019/10/23 13:35,http://www.dianping.com/shop/125988726
126411913,0,万家乐广场,5,南京,南京,江苏,,25,,东山镇,万尚城步行街,,20,购物,综合商场,0,118.822227,31.942592,,,,,0,FALSE,http://p1.meituan.net/searchscenerec/c1132df80f470a7ab75f3bab4a229ba6291375.png%40300w_1e_1l%7Cwatermark%3D0.webp,,,,2019/10/23 14:06,http://www.dianping.com/shop/126411913
127744074,0,紫郡府,5,南京,南京,江苏,,25,,百家湖,双龙大道1698号景枫KINGMO购物中心1层,,80,生活服务,小区,0,118.82012,31.929667,,,,,0,FALSE,http://p1.meituan.net/searchscenerec/e4d164c692c016638c37097f8e4c967b197858.png%40300w_1e_1l%7Cwatermark%3D0.webp,,景枫KINGMO店,,2019/10/23 13:35,http://www.dianping.com/shop/127744074
129923359,0,百家湖西花园,5,南京,南京,江苏,,25,,百家湖,通淮街,,80,生活服务,小区,3.5,118.804019,31.931753,7.4,7.4,7.4,,1,FALSE,https://img.meituan.net/mogu/f277bff325694055495ebcfc3f53eebb677333.jpg%40300w_1e_1l%7Cwatermark%3D0.webp,,,,2019/10/23 14:42,http://www.dianping.com/shop/129923359
615340838,0,上淮铂悦府,5,南京,南京,江苏,,25,,百家湖,景枫凤凰台,,80,生活服务,小区,0,118.820786,31.930588,,,,,0,FALSE,https://img.meituan.net/poiugc/ce24131a949d880fa92ec1c57aaed6d31083187.jpg%40300w_1e_1l%7Cwatermark%3D0.webp,,,,2019/10/24 12:38,http://www.dianping.com/shop/615340838
16105931,1,百家湖山庄,5,南京,南京,江苏,,25,57918078,胜太路,湖滨路68号,,60,酒店,度假村,0,118.816007,31.942327,,,,,0,FALSE,,,,,2019/11/16 5:30,http://www.dianping.com/shop/16105931
77144915,0,宇通实验学校,5,南京,南京,江苏,,25,87155886,将军山,江宁开发区将军大道22号,,75,教育培训,高中,4,118.78777,31.930143,8,8,8,,3,FALSE,http://qcloud.dpfile.com/pc/5sZl7hNmSMqatS1HA0HZoxzi-534L_AvFfLMTLS4RnhpLwYZiMjVqlGlwmuRkP8Itinsm4wZBU2JBzCyrLLxBw.webp,,,,2019/8/11 7:24,http://www.dianping.com/shop/77144915
24467683,1,百家湖别墅花园,5,南京,南京,江苏,费用:¥43421,25,,开发区,湖滨路58号,,80,生活服务,更多生活服务,0,118.81365,31.94229,,,,,0,FALSE,,,,,2019/11/12 4:49,http://www.dianping.com/shop/24467683
23594156,0,胜太路,5,南京,南京,江苏,,25,,胜太路,胜太路商圈,,80,生活服务,更多生活服务,0,118.809564,31.943259,,,,,0,FALSE,http://p1.meituan.net/apiback/347d212f6dd985e19d804c8eb226eb6a112937.jpg%40300w_1e_1l%7Cwatermark%3D0.webp,,,,2019/10/23 14:09,http://www.dianping.com/shop/23594156
